{
    "": {
        "anchor_name": [
            "Outpost 54 (Stash House)",
            "OM-5"
        ],
        "anchor_point": [
            [
                113.566,
                14.479,
                -994.363
            ],
            [
                1439.593,
                0.0,
                0.0
            ]
        ],
        "distance": [
            67000.0,
            77000.0
        ],
        "notes": "",
        "dec_degrees": [
            90.51255061722712,
            -37.539642141294365
        ],
        "xyz": [
            -56836.47039533092,
            -508.45534075582805,
            -43676.41659922834
        ]
    },
    "test2": {
        "anchor_name": [
            "Shubin Mining Facility SM0-13",
            "Shubin Mining Facility SM0-18"
        ],
        "anchor_point": [
            [
                -172.819,
                -981.308,
                97.767
            ],
            [
                920.21,
                -389.542,
                43.837
            ]
        ],
        "distance": [
            44000.0,
            55000.0
        ],
        "notes": "",
        "dec_degrees": [
            119.33555462778011,
            2.566121339182939
        ],
        "xyz": [
            -43115.199525555436,
            -24230.314309665748,
            2216.5413488765525
        ]
    }
}