{
    "mt lake river": {
        "xyz": [
            809509.0,
            415291.0,
            415788.0
        ],
        "dec_degrees": [
            -62.84145453169305,
            24.560427274863727
        ]
    },
    "": {
        "anchor_name": [
            "OM-5",
            "Calhoun Pass Emergency Shelter",
            "Nuiqsut Emergency Shelter",
            "Port Tressler"
        ],
        "anchor_point": [
            [
                1439593.0,
                0.0,
                0.0
            ],
            [
                938116.0,
                -347818.0,
                31708.0
            ],
            [
                750613.0,
                -207852.0,
                -627225.0
            ],
            [
                561471.0,
                545853.0,
                808832.0
            ]
        ],
        "distance": [
            1218000.0,
            1157000.0,
            1477000.0,
            225200.0
        ],
        "notes": "",
        "dec_degrees": [
            -43.15381488025901,
            35.90052946460604
        ],
        "xyz": [
            558935.7081914211,
            596168.3686766265,
            591570.0870820724
        ]
    },
    "1": {
        "anchor_name": [
            "OM-5",
            "Calhoun Pass Emergency Shelter",
            "MT DataCenter D79-ECG-R",
            "Port Tressler"
        ],
        "anchor_point": [
            [
                1439593.0,
                0.0,
                0.0
            ],
            [
                938116.0,
                -347818.0,
                31708.0
            ],
            [
                201182.0,
                308978.0,
                -929668.0
            ],
            [
                561471.0,
                545853.0,
                808832.0
            ]
        ],
        "distance": [
            1074000.0,
            1054000.0,
            1554000.0,
            303100.0
        ],
        "notes": "",
        "dec_degrees": [
            -51.329295517969236,
            31.30575988760294
        ],
        "xyz": [
            680249.5416435744,
            544411.8266491259,
            529864.7174966198
        ]
    },
    "11": {
        "anchor_name": [
            "Port Tressler",
            "MT DataCenter D79-ECG-R",
            "Calhoun Pass Emergency Shelter",
            "OM-5"
        ],
        "anchor_point": [
            [
                561471.0,
                545853.0,
                808832.0
            ],
            [
                201182.0,
                308978.0,
                -929668.0
            ],
            [
                938116.0,
                -347818.0,
                31708.0
            ],
            [
                1439593.0,
                0.0,
                0.0
            ]
        ],
        "distance": [
            406000.0,
            1525000.0,
            949100.0,
            942700.0
        ],
        "notes": "",
        "dec_degrees": [
            -58.4546716690601,
            27.34985061994746
        ],
        "xyz": [
            777790.1576598273,
            477477.23684127117,
            472063.2425592119
        ]
    }
}