{
    "MT Lake-river": {
        "xyz": [
            809509.0,
            415291.0,
            415788.0
        ],
        "dec_degrees": [
            -62.84145453169305,
            24.560427274863727
        ]
    },
    "lost-in-space": {
        "anchor_name": [
            "MT DataCenter D79-ECG-R",
            "New Babbage",
            "Calhoun Pass Emergency Shelter",
            "OM-2"
        ],
        "anchor_point": [
            [
                201182.0,
                308978.0,
                -929668.0
            ],
            [
                520722.99999999994,
                419364.0,
                743655.0
            ],
            [
                938116.0,
                -347818.0,
                31708.0
            ],
            [
                0.0,
                0.0,
                -1439593.0
            ]
        ],
        "distance": [
            1174000.0,
            1164000.0,
            552500.0,
            1659000.0
        ],
        "notes": "",
        "dec_degrees": [
            -84.0122061427127,
            -10.791223455609986
        ],
        "xyz": [
            1110818.5349994148,
            116512.47792071637,
            -212885.09796321834
        ]
    },
    "wp1": {
        "anchor_name": [
            "Port Tressler",
            "OM-5",
            "Calhoun Pass Emergency Shelter",
            "MT DataCenter D79-ECG-R"
        ],
        "anchor_point": [
            [
                561471.0,
                545853.0,
                808832.0
            ],
            [
                1439593.0,
                0.0,
                0.0
            ],
            [
                938116.0,
                -347818.0,
                31708.0
            ],
            [
                201182.0,
                308978.0,
                -929668.0
            ]
        ],
        "distance": [
            1183000.0,
            507700.0,
            500600.0,
            1090000.0
        ],
        "notes": "",
        "dec_degrees": [
            -84.55251519043648,
            -11.467924600031608
        ],
        "xyz": [
            982278.0605206153,
            93674.03235209247,
            -200178.21218406234
        ]
    }
}